GameID,GameDate,HomeTeamID,HomeScore,AwayTeamID,AwayScore,Season
202101010GSW,2021-01-01,GSW,98,POR,123,2021
202101030GSW,2021-01-03,GSW,137,POR,122,2021
202101040GSW,2021-01-04,GSW,137,SAC,106,2021
202101060GSW,2021-01-06,GSW,101,LAC,108,2021
202101080GSW,2021-01-08,GSW,115,LAC,105,2021
202101100GSW,2021-01-10,GSW,106,TOR,105,2021
202101120GSW,2021-01-12,GSW,95,IND,104,2021
202101200GSW,2021-01-20,GSW,121,SAS,99,2021
202101210GSW,2021-01-21,GSW,104,NYK,119,2021
202101250GSW,2021-01-25,GSW,130,MIN,108,2021
202101270GSW,2021-01-27,GSW,123,MIN,111,2021
202101300GSW,2021-01-30,GSW,118,DET,91,2021
202102020GSW,2021-02-02,GSW,107,BOS,111,2021
202102110GSW,2021-02-11,GSW,111,ORL,105,2021
202102130GSW,2021-02-13,GSW,117,BRK,134,2021
202102150GSW,2021-02-15,GSW,129,CLE,98,2021
202102170GSW,2021-02-17,GSW,120,MIA,112,2021
202102260GSW,2021-02-26,GSW,130,CHO,121,2021
202103140GSW,2021-03-14,GSW,131,UTA,119,2021
202103150GSW,2021-03-15,GSW,97,LAL,128,2021
202103230GSW,2021-03-23,GSW,98,PHI,108,2021
202103260GSW,2021-03-26,GSW,108,ATL,124,2021
202103290GSW,2021-03-29,GSW,116,CHI,102,2021
202104060GSW,2021-04-06,GSW,122,MIL,121,2021
202104090GSW,2021-04-09,GSW,107,WAS,110,2021
202104100GSW,2021-04-10,GSW,125,HOU,109,2021
202104120GSW,2021-04-12,GSW,116,DEN,107,2021
202104230GSW,2021-04-23,GSW,118,DEN,97,2021
202104250GSW,2021-04-25,GSW,117,SAC,113,2021
202104270GSW,2021-04-27,GSW,103,DAL,133,2021
202105060GSW,2021-05-06,GSW,118,OKC,97,2021
202105080GSW,2021-05-08,GSW,136,OKC,97,2021
202105100GSW,2021-05-10,GSW,119,UTA,116,2021
202105110GSW,2021-05-11,GSW,122,PHO,116,2021
202105140GSW,2021-05-14,GSW,125,NOP,122,2021
202105160GSW,2021-05-16,GSW,113,MEM,101,2021
202012220BRK,2020-12-22,BRK,125,GSW,99,2021
202012300BRK,2020-12-30,BRK,145,ATL,141,2021
202101010BRK,2021-01-01,BRK,96,ATL,114,2021
202101030BRK,2021-01-03,BRK,122,WAS,123,2021
202101050BRK,2021-01-05,BRK,130,UTA,96,2021
202101230BRK,2021-01-23,BRK,128,MIA,124,2021
202101250BRK,2021-01-25,BRK,98,MIA,85,2021
202102020BRK,2021-02-02,BRK,124,LAC,120,2021
202102050BRK,2021-02-05,BRK,117,TOR,123,2021
202102100BRK,2021-02-10,BRK,104,IND,94,2021
202102230BRK,2021-02-23,BRK,127,SAC,118,2021
202102250BRK,2021-02-25,BRK,129,ORL,92,2021
202103110BRK,2021-03-11,BRK,121,BOS,109,2021
202103130BRK,2021-03-13,BRK,100,DET,95,2021
202103150BRK,2021-03-15,BRK,117,NYK,112,2021
202103210BRK,2021-03-21,BRK,113,WAS,106,2021
202103290BRK,2021-03-29,BRK,112,MIN,107,2021
202103310BRK,2021-03-31,BRK,120,HOU,108,2021
202104010BRK,2021-04-01,BRK,111,CHO,89,2021
202104050BRK,2021-04-05,BRK,114,NYK,112,2021
202104070BRK,2021-04-07,BRK,139,NOP,111,2021
202104100BRK,2021-04-10,BRK,101,LAL,126,2021
202104160BRK,2021-04-16,BRK,130,CHO,115,2021
202104230BRK,2021-04-23,BRK,109,BOS,104,2021
202104250BRK,2021-04-25,BRK,128,PHO,119,2021
202104300BRK,2021-04-30,BRK,109,POR,128,2021
202105150BRK,2021-05-15,BRK,105,CHI,91,2021
202105160BRK,2021-05-16,BRK,123,CLE,109,2021
202101100BRK,2021-01-10,BRK,116,OKC,129,2021
202101120BRK,2021-01-12,BRK,122,DEN,116,2021
202101160BRK,2021-01-16,BRK,122,ORL,115,2021
202101180BRK,2021-01-18,BRK,125,MIL,123,2021
202105120BRK,2021-05-12,BRK,128,SAS,116,2021
202012280BRK,2020-12-28,BRK,111,MEM,116,2021
202101070BRK,2021-01-07,BRK,122,PHI,109,2021
202102270BRK,2021-02-27,BRK,98,DAL,115,2021
202012270LAC,2020-12-27,LAC,73,DAL,124,2021
202012290LAC,2020-12-29,LAC,124,MIN,101,2021
202012300LAC,2020-12-30,LAC,128,POR,105,2021
202101050LAC,2021-01-05,LAC,113,SAS,116,2021
202101100LAC,2021-01-10,LAC,130,CHI,127,2021
202101130LAC,2021-01-13,LAC,111,NOP,106,2021
202101170LAC,2021-01-17,LAC,129,IND,96,2021
202101200LAC,2021-01-20,LAC,115,SAC,96,2021
202101220LAC,2021-01-22,LAC,120,OKC,106,2021
202101240LAC,2021-01-24,LAC,108,OKC,100,2021
202102170LAC,2021-02-17,LAC,96,UTA,114,2021
202102190LAC,2021-02-19,LAC,116,UTA,112,2021
202102210LAC,2021-02-21,LAC,108,BRK,112,2021
202102230LAC,2021-02-23,LAC,135,WAS,116,2021
202103110LAC,2021-03-11,LAC,130,GSW,104,2021
202103200LAC,2021-03-20,LAC,125,CHO,98,2021
202103220LAC,2021-03-22,LAC,119,ATL,110,2021
202103270LAC,2021-03-27,LAC,122,PHI,112,2021
202103290LAC,2021-03-29,LAC,129,MIL,105,2021
202104010LAC,2021-04-01,LAC,94,DEN,101,2021
202104040LAC,2021-04-04,LAC,104,LAL,86,2021
202104060LAC,2021-04-06,LAC,133,POR,116,2021
202104080LAC,2021-04-08,LAC,113,PHO,103,2021
202104090LAC,2021-04-09,LAC,126,HOU,109,2021
202104110LAC,2021-04-11,LAC,131,DET,124,2021
202104180LAC,2021-04-18,LAC,124,MIN,105,2021
202105010LAC,2021-05-01,LAC,104,DEN,110,2021
202105040LAC,2021-05-04,LAC,105,TOR,100,2021
202105060LAC,2021-05-06,LAC,118,LAL,94,2021
202105090LAC,2021-05-09,LAC,100,NYK,106,2021
202102050LAC,2021-02-05,LAC,115,BOS,119,2021
202102070LAC,2021-02-07,LAC,110,SAC,113,2021
202102150LAC,2021-02-15,LAC,125,MIA,118,2021
202103300LAC,2021-03-30,LAC,96,ORL,103,2021
202102140LAC,2021-02-14,LAC,128,CLE,111,2021
202104210LAC,2021-04-21,LAC,117,MEM,105,2021
202012220LAL,2020-12-22,LAL,109,LAC,116,2021
202012250LAL,2020-12-25,LAL,138,DAL,115,2021
202012280LAL,2020-12-28,LAL,107,POR,115,2021
202101070LAL,2021-01-07,LAL,109,SAS,118,2021
202101150LAL,2021-01-15,LAL,112,NOP,95,2021
202101180LAL,2021-01-18,LAL,113,GSW,115,2021
202102040LAL,2021-02-04,LAL,114,DEN,93,2021
202102060LAL,2021-02-06,LAL,135,DET,129,2021
202102120LAL,2021-02-12,LAL,115,MEM,105,2021
202104300LAL,2021-04-30,LAL,106,SAC,110,2021
202105020LAL,2021-05-02,LAL,114,TOR,121,2021
202105030LAL,2021-05-03,LAL,93,DEN,89,2021
202105090LAL,2021-05-09,LAL,123,PHO,110,2021
202105110LAL,2021-05-11,LAL,101,NYK,99,2021
202012270LAL,2020-12-27,LAL,127,MIN,91,2021
202101080LAL,2021-01-08,LAL,117,CHI,115,2021
202102080LAL,2021-02-08,LAL,119,OKC,112,2021
202102100LAL,2021-02-10,LAL,114,OKC,113,2021
202102180LAL,2021-02-18,LAL,98,BRK,109,2021
202102200LAL,2021-02-20,LAL,94,MIA,96,2021
202102220LAL,2021-02-22,LAL,124,WAS,127,2021
202102260LAL,2021-02-26,LAL,102,POR,93,2021
202102280LAL,2021-02-28,LAL,117,GSW,91,2021
202103020LAL,2021-03-02,LAL,104,PHO,114,2021
202103120LAL,2021-03-12,LAL,105,IND,100,2021
202103160LAL,2021-03-16,LAL,137,MIN,121,2021
202103180LAL,2021-03-18,LAL,116,CHO,105,2021
202103200LAL,2021-03-20,LAL,94,ATL,99,2021
202103250LAL,2021-03-25,LAL,101,PHI,109,2021
202103260LAL,2021-03-26,LAL,100,CLE,86,2021
202103280LAL,2021-03-28,LAL,96,ORL,93,2021
202103310LAL,2021-03-31,LAL,97,MIL,112,2021
202104150LAL,2021-04-15,LAL,113,BOS,121,2021
202104170LAL,2021-04-17,LAL,127,UTA,115,2021
202104190LAL,2021-04-19,LAL,97,UTA,111,2021
202105120LAL,2021-05-12,LAL,124,HOU,122,2021
202012260CHO,2020-12-26,CHO,107,OKC,109,2021
202012270CHO,2020-12-27,CHO,106,BRK,104,2021
202101010CHO,2021-01-01,CHO,93,MEM,108,2021
202101090CHO,2021-01-09,CHO,113,ATL,105,2021
202101110CHO,2021-01-11,CHO,109,NYK,88,2021
202101130CHO,2021-01-13,CHO,93,DAL,104,2021
202101220CHO,2021-01-22,CHO,110,CHI,123,2021
202101270CHO,2021-01-27,CHO,106,IND,116,2021
202101290CHO,2021-01-29,CHO,108,IND,105,2021
202101300CHO,2021-01-30,CHO,126,MIL,114,2021
202102030CHO,2021-02-03,CHO,111,PHI,118,2021
202102050CHO,2021-02-05,CHO,121,UTA,138,2021
202102070CHO,2021-02-07,CHO,119,WAS,97,2021
202102080CHO,2021-02-08,CHO,119,HOU,94,2021
202102120CHO,2021-02-12,CHO,120,MIN,114,2021
202102140CHO,2021-02-14,CHO,110,SAS,122,2021
202102200CHO,2021-02-20,CHO,102,GSW,100,2021
202103110CHO,2021-03-11,CHO,105,DET,102,2021
202103130CHO,2021-03-13,CHO,114,TOR,104,2021
202103150CHO,2021-03-15,CHO,122,SAC,116,2021
202103260CHO,2021-03-26,CHO,110,MIA,105,2021
202103280CHO,2021-03-28,CHO,97,PHO,101,2021
202104110CHO,2021-04-11,CHO,101,ATL,105,2021
202104140CHO,2021-04-14,CHO,90,CLE,103,2021
202104180CHO,2021-04-18,CHO,109,POR,101,2021
202104230CHO,2021-04-23,CHO,108,CLE,102,2021
202104250CHO,2021-04-25,CHO,125,BOS,104,2021
202104270CHO,2021-04-27,CHO,104,MIL,114,2021
202105010CHO,2021-05-01,CHO,107,DET,94,2021
202105020CHO,2021-05-02,CHO,111,MIA,121,2021
202105060CHO,2021-05-06,CHO,99,CHI,120,2021
202105070CHO,2021-05-07,CHO,122,ORL,112,2021
202105090CHO,2021-05-09,CHO,110,NOP,112,2021
202105110CHO,2021-05-11,CHO,112,DEN,117,2021
202105130CHO,2021-05-13,CHO,90,LAC,113,2021
202104130CHO,2021-04-13,CHO,93,LAL,101,2021
202012230CLE,2020-12-23,CLE,121,CHO,114,2021
202012270CLE,2020-12-27,CLE,118,PHI,94,2021
202012290CLE,2020-12-29,CLE,86,NYK,95,2021
202101110CLE,2021-01-11,CLE,91,MEM,101,2021
202101120CLE,2021-01-12,CLE,87,UTA,117,2021
202101150CLE,2021-01-15,CLE,106,NYK,103,2021
202101200CLE,2021-01-20,CLE,147,BRK,135,2021
202101220CLE,2021-01-22,CLE,125,BRK,113,2021
202101250CLE,2021-01-25,CLE,108,LAL,115,2021
202101270CLE,2021-01-27,CLE,122,DET,107,2021
202102010CLE,2021-02-01,CLE,100,MIN,98,2021
202102030CLE,2021-02-03,CLE,99,LAC,121,2021
202102050CLE,2021-02-05,CLE,105,MIL,123,2021
202102060CLE,2021-02-06,CLE,99,MIL,124,2021
202102190CLE,2021-02-19,CLE,103,DEN,120,2021
202102210CLE,2021-02-21,CLE,101,OKC,117,2021
202102230CLE,2021-02-23,CLE,112,ATL,111,2021
202102240CLE,2021-02-24,CLE,112,HOU,96,2021
202103030CLE,2021-03-03,CLE,111,IND,114,2021
202103170CLE,2021-03-17,CLE,117,BOS,110,2021
202103190CLE,2021-03-19,CLE,110,SAS,116,2021
202103210CLE,2021-03-21,CLE,116,TOR,105,2021
202103220CLE,2021-03-22,CLE,105,SAC,119,2021
202104010CLE,2021-04-01,CLE,94,PHI,114,2021
202104100CLE,2021-04-10,CLE,115,TOR,135,2021
202104150CLE,2021-04-15,CLE,101,GSW,119,2021
202104210CLE,2021-04-21,CLE,121,CHI,105,2021
202104280CLE,2021-04-28,CLE,104,ORL,109,2021
202104300CLE,2021-04-30,CLE,93,WAS,122,2021
202105010CLE,2021-05-01,CLE,107,MIA,124,2021
202105040CLE,2021-05-04,CLE,118,PHO,134,2021
202105050CLE,2021-05-05,CLE,105,POR,141,2021
202105090CLE,2021-05-09,CLE,97,DAL,124,2021
202105100CLE,2021-05-10,CLE,102,IND,111,2021
202105120CLE,2021-05-12,CLE,102,BOS,94,2021
202104110CLE,2021-04-11,CLE,109,NOP,116,2021
202012260NYK,2020-12-26,NYK,89,PHI,109,2021
202012270NYK,2020-12-27,NYK,130,MIL,110,2021
202101060NYK,2021-01-06,NYK,112,UTA,100,2021
202101080NYK,2021-01-08,NYK,89,OKC,101,2021
202101100NYK,2021-01-10,NYK,89,DEN,114,2021
202101130NYK,2021-01-13,NYK,109,BRK,116,2021
202101180NYK,2021-01-18,NYK,91,ORL,84,2021
202101290NYK,2021-01-29,NYK,102,CLE,81,2021
202101310NYK,2021-01-31,NYK,115,LAC,129,2021
202102060NYK,2021-02-06,NYK,110,POR,99,2021
202102070NYK,2021-02-07,NYK,103,MIA,109,2021
202102130NYK,2021-02-13,NYK,121,HOU,99,2021
202102150NYK,2021-02-15,NYK,123,ATL,112,2021
202102210NYK,2021-02-21,NYK,103,MIN,99,2021
202102230NYK,2021-02-23,NYK,106,GSW,114,2021
202102250NYK,2021-02-25,NYK,140,SAC,121,2021
202102270NYK,2021-02-27,NYK,110,IND,107,2021
202103040NYK,2021-03-04,NYK,114,DET,104,2021
202103180NYK,2021-03-18,NYK,94,ORL,93,2021
202103210NYK,2021-03-21,NYK,100,PHI,101,2021
202103230NYK,2021-03-23,NYK,131,WAS,113,2021
202103250NYK,2021-03-25,NYK,106,WAS,102,2021
202103290NYK,2021-03-29,NYK,88,MIA,98,2021
202104020NYK,2021-04-02,NYK,86,DAL,99,2021
202104090NYK,2021-04-09,NYK,133,MEM,129,2021
202104110NYK,2021-04-11,NYK,102,TOR,96,2021
202104120NYK,2021-04-12,NYK,111,LAL,96,2021
202104180NYK,2021-04-18,NYK,122,NOP,112,2021
202104200NYK,2021-04-20,NYK,109,CHO,97,2021
202104210NYK,2021-04-21,NYK,137,ATL,127,2021
202104240NYK,2021-04-24,NYK,120,TOR,103,2021
202104260NYK,2021-04-26,NYK,110,PHO,118,2021
202104280NYK,2021-04-28,NYK,113,CHI,94,2021
202105130NYK,2021-05-13,NYK,102,SAS,98,2021
202105150NYK,2021-05-15,NYK,118,CHO,109,2021
202105160NYK,2021-05-16,NYK,96,BOS,92,2021
202012230IND,2020-12-23,IND,121,NYK,107,2021
202012270IND,2020-12-27,IND,108,BOS,107,2021
202012290IND,2020-12-29,IND,111,BOS,116,2021
202012310IND,2020-12-31,IND,119,CLE,99,2021
202101020IND,2021-01-02,IND,102,NYK,106,2021
202101060IND,2021-01-06,IND,114,HOU,107,2021
202101090IND,2021-01-09,IND,117,PHO,125,2021
202101200IND,2021-01-20,IND,112,DAL,124,2021
202101220IND,2021-01-22,IND,120,ORL,118,2021
202101240IND,2021-01-24,IND,102,TOR,107,2021
202101250IND,2021-01-25,IND,129,TOR,114,2021
202101310IND,2021-01-31,IND,110,PHI,119,2021
202102020IND,2021-02-02,IND,134,MEM,116,2021
202102050IND,2021-02-05,IND,113,NOP,114,2021
202102070IND,2021-02-07,IND,95,UTA,103,2021
202102150IND,2021-02-15,IND,112,CHI,120,2021
202102240IND,2021-02-24,IND,107,GSW,111,2021
202103040IND,2021-03-04,IND,103,DEN,113,2021
202103170IND,2021-03-17,IND,115,BRK,124,2021
202103240IND,2021-03-24,IND,116,DET,111,2021
202103310IND,2021-03-31,IND,87,MIA,92,2021
202104020IND,2021-04-02,IND,97,CHO,114,2021
202104130IND,2021-04-13,IND,115,LAC,126,2021
202105050IND,2021-05-05,IND,93,SAC,104,2021
202105060IND,2021-05-06,IND,133,ATL,126,2021
202105080IND,2021-05-08,IND,132,WAS,133,2021
202105110IND,2021-05-11,IND,103,PHI,94,2021
202105130IND,2021-05-13,IND,133,MIL,142,2021
202105150IND,2021-05-15,IND,115,LAL,122,2021
202104190IND,2021-04-19,IND,94,SAS,109,2021
202104210IND,2021-04-21,IND,122,OKC,116,2021
202104240IND,2021-04-24,IND,115,DET,109,2021
202104270IND,2021-04-27,IND,112,POR,133,2021
202104290IND,2021-04-29,IND,113,BRK,130,2021
202104060IND,2021-04-06,IND,97,CHI,113,2021
202104070IND,2021-04-07,IND,141,MIN,137,2021
202012250MIA,2020-12-25,MIA,111,NOP,98,2021
202101040MIA,2021-01-04,MIA,118,OKC,90,2021
202101060MIA,2021-01-06,MIA,105,BOS,107,2021
202101280MIA,2021-01-28,MIA,105,LAC,109,2021
202101300MIA,2021-01-30,MIA,105,SAC,104,2021
202102010MIA,2021-02-01,MIA,121,CHO,129,2021
202102030MIA,2021-02-03,MIA,100,WAS,103,2021
202102050MIA,2021-02-05,MIA,122,WAS,95,2021
202102090MIA,2021-02-09,MIA,98,NYK,96,2021
202102240MIA,2021-02-24,MIA,116,TOR,108,2021
202102260MIA,2021-02-26,MIA,124,UTA,116,2021
202102280MIA,2021-02-28,MIA,109,ATL,99,2021
202103020MIA,2021-03-02,MIA,80,ATL,94,2021
202103110MIA,2021-03-11,MIA,111,ORL,103,2021
202103160MIA,2021-03-16,MIA,113,CLE,98,2021
202103190MIA,2021-03-19,MIA,110,IND,137,2021
202103210MIA,2021-03-21,MIA,106,IND,109,2021
202103230MIA,2021-03-23,MIA,100,PHO,110,2021
202103250MIA,2021-03-25,MIA,122,POR,125,2021
202104010MIA,2021-04-01,MIA,116,GSW,109,2021
202104030MIA,2021-04-03,MIA,115,CLE,101,2021
202104060MIA,2021-04-06,MIA,112,MEM,124,2021
202104080MIA,2021-04-08,MIA,110,LAL,104,2021
202104180MIA,2021-04-18,MIA,109,BRK,107,2021
202104190MIA,2021-04-19,MIA,113,HOU,91,2021
202104240MIA,2021-04-24,MIA,106,CHI,101,2021
202104260MIA,2021-04-26,MIA,102,CHI,110,2021
202104280MIA,2021-04-28,MIA,116,SAS,111,2021
202105040MIA,2021-05-04,MIA,113,DAL,127,2021
202105070MIA,2021-05-07,MIA,121,MIN,112,2021
202105130MIA,2021-05-13,MIA,106,PHI,94,2021
202012290MIA,2020-12-29,MIA,97,MIL,144,2021
202012300MIA,2020-12-30,MIA,119,MIL,108,2021
202101160MIA,2021-01-16,MIA,100,DET,120,2021
202101180MIA,2021-01-18,MIA,113,DET,107,2021
202101270MIA,2021-01-27,MIA,82,DEN,109,2021
202012230ORL,2020-12-23,ORL,113,MIA,107,2021
202012310ORL,2020-12-31,ORL,92,PHI,116,2021
202101020ORL,2021-01-02,ORL,99,OKC,108,2021
202101040ORL,2021-01-04,ORL,103,CLE,83,2021
202101060ORL,2021-01-06,ORL,105,CLE,94,2021
202101110ORL,2021-01-11,ORL,99,MIL,121,2021
202101240ORL,2021-01-24,ORL,104,CHO,107,2021
202101250ORL,2021-01-25,ORL,117,CHO,108,2021
202101270ORL,2021-01-27,ORL,107,SAC,121,2021
202101290ORL,2021-01-29,ORL,90,LAC,116,2021
202102020ORL,2021-02-02,ORL,108,TOR,123,2021
202102050ORL,2021-02-05,ORL,123,CHI,119,2021
202102060ORL,2021-02-06,ORL,92,CHI,118,2021
202102170ORL,2021-02-17,ORL,107,NYK,89,2021
202102190ORL,2021-02-19,ORL,124,GSW,120,2021
202102210ORL,2021-02-21,ORL,105,DET,96,2021
202102230ORL,2021-02-23,ORL,93,DET,105,2021
202102270ORL,2021-02-27,ORL,109,UTA,124,2021
202103010ORL,2021-03-01,ORL,124,DAL,130,2021
202103030ORL,2021-03-03,ORL,112,ATL,115,2021
202103140ORL,2021-03-14,ORL,97,MIA,102,2021
202103190ORL,2021-03-19,ORL,121,BRK,113,2021
202103230ORL,2021-03-23,ORL,99,DEN,110,2021
202103240ORL,2021-03-24,ORL,112,PHO,111,2021
202103260ORL,2021-03-26,ORL,105,POR,112,2021
202104070ORL,2021-04-07,ORL,116,WAS,131,2021
202104090ORL,2021-04-09,ORL,106,IND,111,2021
202104110ORL,2021-04-11,ORL,87,MIL,124,2021
202104120ORL,2021-04-12,ORL,97,SAS,120,2021
202104180ORL,2021-04-18,ORL,110,HOU,114,2021
202104220ORL,2021-04-22,ORL,100,NOP,135,2021
202104250ORL,2021-04-25,ORL,112,IND,131,2021
202104260ORL,2021-04-26,ORL,103,LAL,114,2021
202105010ORL,2021-05-01,ORL,112,MEM,111,2021
202105050ORL,2021-05-05,ORL,96,BOS,132,2021
202105090ORL,2021-05-09,ORL,96,MIN,128,2021
202012260WAS,2020-12-26,WAS,120,ORL,130,2021
202012290WAS,2020-12-29,WAS,107,CHI,115,2021
202012310WAS,2020-12-31,WAS,130,CHI,133,2021
202101090WAS,2021-01-09,WAS,124,MIA,128,2021
202101290WAS,2021-01-29,WAS,100,ATL,116,2021
202101310WAS,2021-01-31,WAS,149,BRK,146,2021
202102020WAS,2021-02-02,WAS,121,POR,132,2021
202102100WAS,2021-02-10,WAS,115,TOR,137,2021
202102120WAS,2021-02-12,WAS,91,NYK,109,2021
202102140WAS,2021-02-14,WAS,104,BOS,91,2021
202102150WAS,2021-02-15,WAS,131,HOU,119,2021
202102170WAS,2021-02-17,WAS,130,DEN,128,2021
202102270WAS,2021-02-27,WAS,128,MIN,112,2021
202103020WAS,2021-03-02,WAS,111,MEM,125,2021
202103040WAS,2021-03-04,WAS,119,LAC,117,2021
202103120WAS,2021-03-12,WAS,101,PHI,127,2021
202103130WAS,2021-03-13,WAS,119,MIL,125,2021
202103150WAS,2021-03-15,WAS,122,MIL,133,2021
202103170WAS,2021-03-17,WAS,119,SAC,121,2021
202103180WAS,2021-03-18,WAS,131,UTA,122,2021
202103270WAS,2021-03-27,WAS,106,DET,92,2021
202103290WAS,2021-03-29,WAS,132,IND,124,2021
202103300WAS,2021-03-30,WAS,104,CHO,114,2021
202104030WAS,2021-04-03,WAS,87,DAL,109,2021
202104160WAS,2021-04-16,WAS,117,NOP,115,2021
202104170WAS,2021-04-17,WAS,121,DET,100,2021
202104190WAS,2021-04-19,WAS,119,OKC,107,2021
202104210WAS,2021-04-21,WAS,118,GSW,114,2021
202104250WAS,2021-04-25,WAS,119,CLE,110,2021
202104260WAS,2021-04-26,WAS,143,SAS,146,2021
202104280WAS,2021-04-28,WAS,116,LAL,107,2021
202105030WAS,2021-05-03,WAS,154,IND,141,2021
202105140WAS,2021-05-14,WAS,120,CLE,105,2021
202105160WAS,2021-05-16,WAS,115,CHO,110,2021
202012270WAS,2020-12-27,WAS,113,ORL,120,2021
202101110WAS,2021-01-11,WAS,128,PHO,107,2021
202012230PHI,2020-12-23,PHI,113,WAS,107,2021
202012290PHI,2020-12-29,PHI,100,TOR,93,2021
202101020PHI,2021-01-02,PHI,127,CHO,112,2021
202101040PHI,2021-01-04,PHI,118,CHO,101,2021
202101060PHI,2021-01-06,PHI,141,WAS,136,2021
202101120PHI,2021-01-12,PHI,137,MIA,134,2021
202101140PHI,2021-01-14,PHI,125,MIA,108,2021
202101200PHI,2021-01-20,PHI,117,BOS,109,2021
202101220PHI,2021-01-22,PHI,122,BOS,110,2021
202101270PHI,2021-01-27,PHI,107,LAL,106,2021
202102040PHI,2021-02-04,PHI,105,POR,121,2021
202102060PHI,2021-02-06,PHI,124,BRK,108,2021
202102170PHI,2021-02-17,PHI,118,HOU,113,2021
202102190PHI,2021-02-19,PHI,112,CHI,105,2021
202102250PHI,2021-02-25,PHI,111,DAL,97,2021
202102270PHI,2021-02-27,PHI,109,CLE,112,2021
202103010PHI,2021-03-01,PHI,130,IND,114,2021
202103030PHI,2021-03-03,PHI,131,UTA,123,2021
202104030PHI,2021-04-03,PHI,122,MIN,113,2021
202104140PHI,2021-04-14,PHI,123,BRK,117,2021
202104160PHI,2021-04-16,PHI,106,LAC,103,2021
202104190PHI,2021-04-19,PHI,96,GSW,107,2021
202104210PHI,2021-04-21,PHI,113,PHO,116,2021
202104260PHI,2021-04-26,PHI,121,OKC,90,2021
202104280PHI,2021-04-28,PHI,127,ATL,83,2021
202104300PHI,2021-04-30,PHI,126,ATL,104,2021
202105070PHI,2021-05-07,PHI,109,NOP,107,2021
202105080PHI,2021-05-08,PHI,118,DET,104,2021
202105140PHI,2021-05-14,PHI,122,ORL,97,2021
202103140PHI,2021-03-14,PHI,134,SAS,99,2021
202103160PHI,2021-03-16,PHI,99,NYK,96,2021
202103170PHI,2021-03-17,PHI,105,MIL,109,2021
202103200PHI,2021-03-20,PHI,129,SAC,105,2021
202104040PHI,2021-04-04,PHI,100,MEM,116,2021
202101090PHI,2021-01-09,PHI,103,DEN,115,2021
202105160PHI,2021-05-16,PHI,128,ORL,117,2021
202012270NOP,2020-12-27,NOP,98,SAS,95,2021
202101020NOP,2021-01-02,NOP,120,TOR,116,2021
202101040NOP,2021-01-04,NOP,116,IND,118,2021
202101060NOP,2021-01-06,NOP,110,OKC,111,2021
202101080NOP,2021-01-08,NOP,110,CHO,118,2021
202101270NOP,2021-01-27,NOP,124,WAS,106,2021
202101290NOP,2021-01-29,NOP,131,MIL,126,2021
202101300NOP,2021-01-30,NOP,112,HOU,126,2021
202102010NOP,2021-02-01,NOP,109,SAC,118,2021
202102030NOP,2021-02-03,NOP,123,PHO,101,2021
202102060NOP,2021-02-06,NOP,118,MEM,109,2021
202102090NOP,2021-02-09,NOP,130,HOU,101,2021
202102170NOP,2021-02-17,NOP,124,POR,126,2021
202102190NOP,2021-02-19,NOP,114,PHO,132,2021
202102210NOP,2021-02-21,NOP,120,BOS,115,2021
202102240NOP,2021-02-24,NOP,128,DET,118,2021
202103010NOP,2021-03-01,NOP,129,UTA,124,2021
202103030NOP,2021-03-03,NOP,124,CHI,128,2021
202103040NOP,2021-03-04,NOP,93,MIA,103,2021
202103110NOP,2021-03-11,NOP,105,MIN,135,2021
202103120NOP,2021-03-12,NOP,116,CLE,82,2021
202103140NOP,2021-03-14,NOP,135,LAC,115,2021
202103230NOP,2021-03-23,NOP,128,LAL,111,2021
202103260NOP,2021-03-26,NOP,108,DEN,113,2021
202103270NOP,2021-03-27,NOP,112,DAL,103,2021
202104090NOP,2021-04-09,NOP,101,PHI,94,2021
202104120NOP,2021-04-12,NOP,117,SAC,110,2021
202104140NOP,2021-04-14,NOP,106,NYK,116,2021
202104200NOP,2021-04-20,NOP,129,BRK,134,2021
202104240NOP,2021-04-24,NOP,108,SAS,110,2021
202104260NOP,2021-04-26,NOP,120,LAC,103,2021
202105030NOP,2021-05-03,NOP,108,GSW,123,2021
202105040NOP,2021-05-04,NOP,108,GSW,103,2021
202104010NOP,2021-04-01,NOP,110,ORL,115,2021
202104020NOP,2021-04-02,NOP,103,ATL,126,2021
202105160NOP,2021-05-16,NOP,98,LAL,110,2021
202012230TOR,2020-12-23,TOR,99,NOP,113,2021
202012310TOR,2020-12-31,TOR,100,NYK,83,2021
202101040TOR,2021-01-04,TOR,114,BOS,126,2021
202101140TOR,2021-01-14,TOR,111,CHO,108,2021
202101160TOR,2021-01-16,TOR,116,CHO,113,2021
202101180TOR,2021-01-18,TOR,116,DAL,93,2021
202101200TOR,2021-01-20,TOR,102,MIA,111,2021
202101220TOR,2021-01-22,TOR,101,MIA,81,2021
202101270TOR,2021-01-27,TOR,108,MIL,115,2021
202101290TOR,2021-01-29,TOR,124,SAC,126,2021
202101310TOR,2021-01-31,TOR,115,ORL,102,2021
202102140TOR,2021-02-14,TOR,112,MIN,116,2021
202102210TOR,2021-02-21,TOR,110,PHI,103,2021
202102230TOR,2021-02-23,TOR,102,PHI,109,2021
202103190TOR,2021-03-19,TOR,112,UTA,115,2021
202103240TOR,2021-03-24,TOR,135,DEN,111,2021
202103260TOR,2021-03-26,TOR,100,PHO,104,2021
202103280TOR,2021-03-28,TOR,117,POR,122,2021
202104020TOR,2021-04-02,TOR,130,GSW,77,2021
202104050TOR,2021-04-05,TOR,103,WAS,101,2021
202104060TOR,2021-04-06,TOR,101,LAL,110,2021
202104080TOR,2021-04-08,TOR,113,CHI,122,2021
202104130TOR,2021-04-13,TOR,103,ATL,108,2021
202104140TOR,2021-04-14,TOR,117,SAS,112,2021
202104210TOR,2021-04-21,TOR,114,BRK,103,2021
202104260TOR,2021-04-26,TOR,112,CLE,96,2021
202104270TOR,2021-04-27,TOR,103,BRK,116,2021
202105060TOR,2021-05-06,TOR,129,WAS,131,2021
202105080TOR,2021-05-08,TOR,99,MEM,109,2021
202102260TOR,2021-02-26,TOR,122,HOU,111,2021
202103030TOR,2021-03-03,TOR,105,DET,129,2021
202103110TOR,2021-03-11,TOR,120,ATL,121,2021
202104160TOR,2021-04-16,TOR,113,ORL,102,2021
202104180TOR,2021-04-18,TOR,112,OKC,106,2021
202105110TOR,2021-05-11,TOR,96,LAC,115,2021
202105160TOR,2021-05-16,TOR,113,IND,125,2021
202012250MIL,2020-12-25,MIL,138,GSW,99,2021
202101010MIL,2021-01-01,MIL,126,CHI,96,2021
202101040MIL,2021-01-04,MIL,125,DET,115,2021
202101060MIL,2021-01-06,MIL,130,DET,115,2021
202101080MIL,2021-01-08,MIL,118,UTA,131,2021
202101090MIL,2021-01-09,MIL,100,CLE,90,2021
202101150MIL,2021-01-15,MIL,112,DAL,109,2021
202101210MIL,2021-01-21,MIL,106,LAL,113,2021
202101240MIL,2021-01-24,MIL,129,ATL,115,2021
202102010MIL,2021-02-01,MIL,134,POR,106,2021
202102030MIL,2021-02-03,MIL,130,IND,110,2021
202102190MIL,2021-02-19,MIL,98,OKC,85,2021
202102280MIL,2021-02-28,MIL,105,LAC,100,2021
202103020MIL,2021-03-02,MIL,97,DEN,128,2021
202103110MIL,2021-03-11,MIL,134,NYK,101,2021
202103200MIL,2021-03-20,MIL,120,SAS,113,2021
202103220MIL,2021-03-22,MIL,140,IND,113,2021
202103240MIL,2021-03-24,MIL,121,BOS,119,2021
202103260MIL,2021-03-26,MIL,114,BOS,122,2021
202103270MIL,2021-03-27,MIL,96,NYK,102,2021
202104090MIL,2021-04-09,MIL,119,CHO,127,2021
202104170MIL,2021-04-17,MIL,115,MEM,128,2021
202104190MIL,2021-04-19,MIL,127,PHO,128,2021
202104220MIL,2021-04-22,MIL,124,PHI,117,2021
202104240MIL,2021-04-24,MIL,132,PHI,94,2021
202105020MIL,2021-05-02,MIL,117,BRK,114,2021
202105040MIL,2021-05-04,MIL,124,BRK,118,2021
202105050MIL,2021-05-05,MIL,135,WAS,134,2021
202105070MIL,2021-05-07,MIL,141,HOU,133,2021
202105110MIL,2021-05-11,MIL,114,ORL,102,2021
202105150MIL,2021-05-15,MIL,122,MIA,108,2021
202102160MIL,2021-02-16,MIL,113,TOR,124,2021
202102180MIL,2021-02-18,MIL,96,TOR,110,2021
202102210MIL,2021-02-21,MIL,128,SAC,115,2021
202102230MIL,2021-02-23,MIL,139,MIN,112,2021
202102250MIL,2021-02-25,MIL,129,NOP,125,2021
202012230BOS,2020-12-23,BOS,122,MIL,121,2021
202012250BOS,2020-12-25,BOS,95,BRK,123,2021
202012300BOS,2020-12-30,BOS,126,MEM,107,2021
202101080BOS,2021-01-08,BOS,116,WAS,107,2021
202101150BOS,2021-01-15,BOS,124,ORL,97,2021
202101170BOS,2021-01-17,BOS,75,NYK,105,2021
202101240BOS,2021-01-24,BOS,141,CLE,103,2021
202101300BOS,2021-01-30,BOS,95,LAL,96,2021
202103160BOS,2021-03-16,BOS,109,UTA,117,2021
202103190BOS,2021-03-19,BOS,96,SAC,107,2021
202103210BOS,2021-03-21,BOS,112,ORL,96,2021
202103290BOS,2021-03-29,BOS,109,NOP,115,2021
202103310BOS,2021-03-31,BOS,108,DAL,113,2021
202104020BOS,2021-04-02,BOS,118,HOU,102,2021
202104040BOS,2021-04-04,BOS,116,CHO,86,2021
202104060BOS,2021-04-06,BOS,96,PHI,106,2021
202104070BOS,2021-04-07,BOS,101,NYK,99,2021
202104090BOS,2021-04-09,BOS,145,MIN,136,2021
202104170BOS,2021-04-17,BOS,119,GSW,114,2021
202104190BOS,2021-04-19,BOS,96,CHI,102,2021
202104220BOS,2021-04-22,BOS,99,PHO,86,2021
202104270BOS,2021-04-27,BOS,115,OKC,119,2021
202104280BOS,2021-04-28,BOS,120,CHO,111,2021
202104300BOS,2021-04-30,BOS,143,SAS,140,2021
202105020BOS,2021-05-02,BOS,119,POR,129,2021
202105090BOS,2021-05-09,BOS,124,MIA,130,2021
202105110BOS,2021-05-11,BOS,121,MIA,129,2021
202102110BOS,2021-02-11,BOS,120,TOR,106,2021
202102120BOS,2021-02-12,BOS,102,DET,108,2021
202102160BOS,2021-02-16,BOS,112,DEN,99,2021
202102170BOS,2021-02-17,BOS,114,ATL,122,2021
202102190BOS,2021-02-19,BOS,121,ATL,109,2021
202102260BOS,2021-02-26,BOS,118,IND,112,2021
202103020BOS,2021-03-02,BOS,117,LAC,112,2021
202103040BOS,2021-03-04,BOS,132,TOR,125,2021
202102280BOS,2021-02-28,BOS,111,WAS,110,2021
202012280ATL,2020-12-28,ATL,128,DET,120,2021
202101020ATL,2021-01-02,ATL,91,CLE,96,2021
202101040ATL,2021-01-04,ATL,108,NYK,113,2021
202101060ATL,2021-01-06,ATL,94,CHO,102,2021
202101110ATL,2021-01-11,ATL,112,PHI,94,2021
202101180ATL,2021-01-18,ATL,108,MIN,97,2021
202101200ATL,2021-01-20,ATL,123,DET,115,2021
202101260ATL,2021-01-26,ATL,108,LAC,99,2021
202101270ATL,2021-01-27,ATL,128,BRK,132,2021
202102010ATL,2021-02-01,ATL,99,LAL,107,2021
202102030ATL,2021-02-03,ATL,116,DAL,122,2021
202102060ATL,2021-02-06,ATL,132,TOR,121,2021
202102120ATL,2021-02-12,ATL,114,SAS,125,2021
202102130ATL,2021-02-13,ATL,113,IND,125,2021
202102210ATL,2021-02-21,ATL,123,DEN,115,2021
202102240ATL,2021-02-24,ATL,127,BOS,112,2021
202103130ATL,2021-03-13,ATL,121,SAC,106,2021
202103140ATL,2021-03-14,ATL,100,CLE,82,2021
202103180ATL,2021-03-18,ATL,116,OKC,93,2021
202104040ATL,2021-04-04,ATL,117,GSW,111,2021
202104060ATL,2021-04-06,ATL,123,NOP,107,2021
202104070ATL,2021-04-07,ATL,113,MEM,131,2021
202104090ATL,2021-04-09,ATL,120,CHI,108,2021
202104150ATL,2021-04-15,ATL,109,MIL,120,2021
202104180ATL,2021-04-18,ATL,129,IND,117,2021
202104200ATL,2021-04-20,ATL,112,ORL,96,2021
202105010ATL,2021-05-01,ATL,108,CHI,97,2021
202105030ATL,2021-05-03,ATL,123,POR,114,2021
202105050ATL,2021-05-05,ATL,135,PHO,103,2021
202105100ATL,2021-05-10,ATL,125,WAS,124,2021
202105120ATL,2021-05-12,ATL,120,WAS,116,2021
202105130ATL,2021-05-13,ATL,116,ORL,93,2021
202105160ATL,2021-05-16,ATL,124,HOU,95,2021
202102040ATL,2021-02-04,ATL,91,UTA,112,2021
202104230ATL,2021-04-23,ATL,118,MIA,103,2021
202104250ATL,2021-04-25,ATL,111,MIL,104,2021
202012230CHI,2020-12-23,CHI,104,ATL,124,2021
202012260CHI,2020-12-26,CHI,106,IND,125,2021
202012270CHI,2020-12-27,CHI,128,GSW,129,2021
202101030CHI,2021-01-03,CHI,118,DAL,108,2021
202101230CHI,2021-01-23,CHI,90,LAL,101,2021
202101250CHI,2021-01-25,CHI,103,BOS,119,2021
202101300CHI,2021-01-30,CHI,122,POR,123,2021
202102010CHI,2021-02-01,CHI,110,NYK,102,2021
202102030CHI,2021-02-03,CHI,103,NYK,107,2021
202102080CHI,2021-02-08,CHI,101,WAS,105,2021
202102100CHI,2021-02-10,CHI,129,NOP,116,2021
202102120CHI,2021-02-12,CHI,106,LAC,125,2021
202102170CHI,2021-02-17,CHI,105,DET,102,2021
202102200CHI,2021-02-20,CHI,122,SAC,114,2021
202102240CHI,2021-02-24,CHI,133,MIN,126,2021
202102260CHI,2021-02-26,CHI,97,PHO,106,2021
202103010CHI,2021-03-01,CHI,112,DEN,118,2021
202103110CHI,2021-03-11,CHI,105,PHI,127,2021
202103120CHI,2021-03-12,CHI,90,MIA,101,2021
202103140CHI,2021-03-14,CHI,118,TOR,95,2021
202103160CHI,2021-03-16,CHI,123,OKC,102,2021
202103170CHI,2021-03-17,CHI,99,SAS,106,2021
202103220CHI,2021-03-22,CHI,95,UTA,120,2021
202103240CHI,2021-03-24,CHI,94,CLE,103,2021
202104040CHI,2021-04-04,CHI,115,BRK,107,2021
202104140CHI,2021-04-14,CHI,106,ORL,115,2021
202104160CHI,2021-04-16,CHI,115,MEM,126,2021
202104170CHI,2021-04-17,CHI,106,CLE,96,2021
202104220CHI,2021-04-22,CHI,108,CHO,91,2021
202104300CHI,2021-04-30,CHI,98,MIL,108,2021
202105030CHI,2021-05-03,CHI,94,PHI,106,2021
202105070CHI,2021-05-07,CHI,121,BOS,99,2021
202105110CHI,2021-05-11,CHI,107,BRK,115,2021
202105130CHI,2021-05-13,CHI,114,TOR,102,2021
202105160CHI,2021-05-16,CHI,118,MIL,112,2021
202101180CHI,2021-01-18,CHI,125,HOU,120,2021
202012260SAS,2020-12-26,SAS,119,TOR,114,2021
202012300SAS,2020-12-30,SAS,107,LAL,121,2021
202101010SAS,2021-01-01,SAS,103,LAL,109,2021
202101030SAS,2021-01-03,SAS,109,UTA,130,2021
202101140SAS,2021-01-14,SAS,105,HOU,109,2021
202101160SAS,2021-01-16,SAS,103,HOU,91,2021
202101220SAS,2021-01-22,SAS,117,DAL,122,2021
202101240SAS,2021-01-24,SAS,121,WAS,101,2021
202101270SAS,2021-01-27,SAS,110,BOS,106,2021
202101290SAS,2021-01-29,SAS,119,DEN,109,2021
202101300SAS,2021-01-30,SAS,112,MEM,129,2021
202102010SAS,2021-02-01,SAS,102,MEM,133,2021
202102030SAS,2021-02-03,SAS,111,MIN,108,2021
202102080SAS,2021-02-08,SAS,105,GSW,100,2021
202102090SAS,2021-02-09,SAS,91,GSW,114,2021
202102270SAS,2021-02-27,SAS,117,NOP,114,2021
202103010SAS,2021-03-01,SAS,113,BRK,124,2021
202103020SAS,2021-03-02,SAS,119,NYK,93,2021
202103040SAS,2021-03-04,SAS,102,OKC,107,2021
202103220SAS,2021-03-22,SAS,97,CHO,100,2021
202103240SAS,2021-03-24,SAS,101,LAC,134,2021
202103250SAS,2021-03-25,SAS,85,LAC,98,2021
202103270SAS,2021-03-27,SAS,120,CHI,104,2021
202103290SAS,2021-03-29,SAS,115,SAC,132,2021
202103310SAS,2021-03-31,SAS,120,SAC,106,2021
202104010SAS,2021-04-01,SAS,129,ATL,134,2021
202104030SAS,2021-04-03,SAS,133,IND,139,2021
202104050SAS,2021-04-05,SAS,101,CLE,125,2021
202104160SAS,2021-04-16,SAS,106,POR,107,2021
202104210SAS,2021-04-21,SAS,87,MIA,107,2021
202104220SAS,2021-04-22,SAS,106,DET,91,2021
202105020SAS,2021-05-02,SAS,111,PHI,113,2021
202105100SAS,2021-05-10,SAS,146,MIL,125,2021
202105150SAS,2021-05-15,SAS,103,PHO,140,2021
202105160SAS,2021-05-16,SAS,121,PHO,123,2021
202103120SAS,2021-03-12,SAS,104,ORL,77,2021
202012230MEM,2020-12-23,MEM,119,SAS,131,2021
202012260MEM,2020-12-26,MEM,112,ATL,122,2021
202101160MEM,2021-01-16,MEM,106,PHI,104,2021
202101180MEM,2021-01-18,MEM,108,PHO,104,2021
202102040MEM,2021-02-04,MEM,103,HOU,115,2021
202102080MEM,2021-02-08,MEM,113,TOR,128,2021
202102100MEM,2021-02-10,MEM,130,CHO,114,2021
202102160MEM,2021-02-16,MEM,113,NOP,144,2021
202102170MEM,2021-02-17,MEM,122,OKC,113,2021
202102190MEM,2021-02-19,MEM,109,DET,95,2021
202102200MEM,2021-02-20,MEM,97,PHO,128,2021
202102250MEM,2021-02-25,MEM,122,LAC,94,2021
202102260MEM,2021-02-26,MEM,99,LAC,119,2021
202103040MEM,2021-03-04,MEM,111,MIL,112,2021
202103100MEM,2021-03-10,MEM,127,WAS,112,2021
202103120MEM,2021-03-12,MEM,102,DEN,103,2021
202103170MEM,2021-03-17,MEM,89,MIA,85,2021
202103190MEM,2021-03-19,MEM,103,GSW,116,2021
202103200MEM,2021-03-20,MEM,111,GSW,103,2021
202103220MEM,2021-03-22,MEM,132,BOS,126,2021
202103310MEM,2021-03-31,MEM,107,UTA,111,2021
202104020MEM,2021-04-02,MEM,120,MIN,108,2021
202104110MEM,2021-04-11,MEM,125,IND,132,2021
202104120MEM,2021-04-12,MEM,101,CHI,90,2021
202104140MEM,2021-04-14,MEM,113,DAL,114,2021
202104280MEM,2021-04-28,MEM,109,POR,130,2021
202104300MEM,2021-04-30,MEM,92,ORL,75,2021
202105030MEM,2021-05-03,MEM,104,NYK,118,2021
202105100MEM,2021-05-10,MEM,115,NOP,110,2021
202105110MEM,2021-05-11,MEM,133,DAL,104,2021
202105130MEM,2021-05-13,MEM,116,SAC,110,2021
202101030MEM,2021-01-03,MEM,94,LAL,108,2021
202101050MEM,2021-01-05,MEM,92,LAL,94,2021
202101070MEM,2021-01-07,MEM,90,CLE,94,2021
202101080MEM,2021-01-08,MEM,115,BRK,110,2021
202105140MEM,2021-05-14,MEM,107,SAC,106,2021
202012260DET,2020-12-26,DET,119,CLE,128,2021
202012290DET,2020-12-29,DET,106,GSW,116,2021
202101030DET,2021-01-03,DET,120,BOS,122,2021
202101080DET,2021-01-08,DET,110,PHO,105,2021
202101100DET,2021-01-10,DET,86,UTA,96,2021
202101130DET,2021-01-13,DET,101,MIL,110,2021
202101220DET,2021-01-22,DET,102,HOU,103,2021
202101250DET,2021-01-25,DET,119,PHI,104,2021
202101280DET,2021-01-28,DET,107,LAL,92,2021
202102090DET,2021-02-09,DET,122,BRK,111,2021
202102110DET,2021-02-11,DET,95,IND,111,2021
202101010DET,2021-01-01,DET,96,BOS,93,2021
202101230DET,2021-01-23,DET,110,PHI,114,2021
202102140DET,2021-02-14,DET,123,NOP,112,2021
202102260DET,2021-02-26,DET,107,SAC,110,2021
202102280DET,2021-02-28,DET,90,NYK,109,2021
202103150DET,2021-03-15,DET,99,SAS,109,2021
202103170DET,2021-03-17,DET,116,TOR,112,2021
202103210DET,2021-03-21,DET,86,CHI,100,2021
202103260DET,2021-03-26,DET,111,BRK,113,2021
202103290DET,2021-03-29,DET,118,TOR,104,2021
202103310DET,2021-03-31,DET,101,POR,124,2021
202104010DET,2021-04-01,DET,120,WAS,91,2021
202104030DET,2021-04-03,DET,81,NYK,125,2021
202104140DET,2021-04-14,DET,98,LAC,100,2021
202104260DET,2021-04-26,DET,100,ATL,86,2021
202105060DET,2021-05-06,DET,111,MEM,97,2021
202105090DET,2021-05-09,DET,96,CHI,108,2021
202105110DET,2021-05-11,DET,100,MIN,119,2021
202105140DET,2021-05-14,DET,91,DEN,104,2021
202105160DET,2021-05-16,DET,107,MIA,120,2021
202104160DET,2021-04-16,DET,110,OKC,104,2021
202104190DET,2021-04-19,DET,109,CLE,105,2021
202104290DET,2021-04-29,DET,105,DAL,115,2021
202105030DET,2021-05-03,DET,112,ORL,119,2021
202105040DET,2021-05-04,DET,99,CHO,102,2021
202012230MIN,2020-12-23,MIN,111,DET,101,2021
202101100MIN,2021-01-10,MIN,96,SAS,88,2021
202101130MIN,2021-01-13,MIN,107,MEM,118,2021
202101200MIN,2021-01-20,MIN,96,ORL,97,2021
202101220MIN,2021-01-22,MIN,98,ATL,116,2021
202101230MIN,2021-01-23,MIN,120,NOP,110,2021
202101290MIN,2021-01-29,MIN,94,PHI,118,2021
202101310MIN,2021-01-31,MIN,109,CLE,104,2021
202102100MIN,2021-02-10,MIN,112,LAC,119,2021
202102160MIN,2021-02-16,MIN,104,LAL,112,2021
202102170MIN,2021-02-17,MIN,128,IND,134,2021
202102190MIN,2021-02-19,MIN,81,TOR,86,2021
202102280MIN,2021-02-28,MIN,99,PHO,118,2021
202103030MIN,2021-03-03,MIN,102,CHO,135,2021
202103130MIN,2021-03-13,MIN,121,POR,125,2021
202103140MIN,2021-03-14,MIN,114,POR,112,2021
202103220MIN,2021-03-22,MIN,103,OKC,112,2021
202103240MIN,2021-03-24,MIN,108,DAL,128,2021
202104050MIN,2021-04-05,MIN,116,SAC,106,2021
202104110MIN,2021-04-11,MIN,121,CHI,117,2021
202104130MIN,2021-04-13,MIN,97,BRK,127,2021
202104140MIN,2021-04-14,MIN,105,MIL,130,2021
202104160MIN,2021-04-16,MIN,119,MIA,111,2021
202104260MIN,2021-04-26,MIN,105,UTA,104,2021
202104290MIN,2021-04-29,MIN,126,GSW,114,2021
202105010MIN,2021-05-01,MIN,136,NOP,140,2021
202105050MIN,2021-05-05,MIN,135,MEM,139,2021
202105130MIN,2021-05-13,MIN,103,DEN,114,2021
202105150MIN,2021-05-15,MIN,108,BOS,124,2021
202105160MIN,2021-05-16,MIN,136,DAL,121,2021
202101090MIN,2021-01-09,MIN,122,SAS,125,2021
202103260MIN,2021-03-26,MIN,107,HOU,101,2021
202103270MIN,2021-03-27,MIN,107,HOU,129,2021
202103310MIN,2021-03-31,MIN,102,NYK,101,2021
202101010MIN,2021-01-01,MIN,109,WAS,130,2021
202101030MIN,2021-01-03,MIN,109,DEN,124,2021
202012260SAC,2020-12-26,SAC,106,PHO,103,2021
202012270SAC,2020-12-27,SAC,100,PHO,116,2021
202012290SAC,2020-12-29,SAC,125,DEN,115,2021
202101060SAC,2021-01-06,SAC,128,CHI,124,2021
202101080SAC,2021-01-08,SAC,123,TOR,144,2021
202101090SAC,2021-01-09,SAC,99,POR,125,2021
202101110SAC,2021-01-11,SAC,127,IND,122,2021
202101130SAC,2021-01-13,SAC,126,POR,132,2021
202101150SAC,2021-01-15,SAC,100,LAC,138,2021
202101170SAC,2021-01-17,SAC,123,NOP,128,2021
202101220SAC,2021-01-22,SAC,103,NYK,94,2021
202102030SAC,2021-02-03,SAC,116,BOS,111,2021
202102060SAC,2021-02-06,SAC,119,DEN,114,2021
202102090SAC,2021-02-09,SAC,111,PHI,119,2021
202102120SAC,2021-02-12,SAC,112,ORL,123,2021
202102140SAC,2021-02-14,SAC,110,MEM,124,2021
202102150SAC,2021-02-15,SAC,125,BRK,136,2021
202102280SAC,2021-02-28,SAC,126,CHO,127,2021
202103030SAC,2021-03-03,SAC,123,LAL,120,2021
202103110SAC,2021-03-11,SAC,125,HOU,105,2021
202103240SAC,2021-03-24,SAC,110,ATL,108,2021
202103250SAC,2021-03-25,SAC,141,GSW,119,2021
202103270SAC,2021-03-27,SAC,100,CLE,98,2021
202104020SAC,2021-04-02,SAC,94,LAL,115,2021
202104030SAC,2021-04-03,SAC,128,MIL,129,2021
202104080SAC,2021-04-08,SAC,101,DET,113,2021
202104140SAC,2021-04-14,SAC,111,WAS,123,2021
202104200SAC,2021-04-20,SAC,120,MIN,134,2021
202104210SAC,2021-04-21,SAC,128,MIN,125,2021
202104260SAC,2021-04-26,SAC,113,DAL,106,2021
202102180SAC,2021-02-18,SAC,110,MIA,118,2021
202104280SAC,2021-04-28,SAC,105,UTA,154,2021
202105070SAC,2021-05-07,SAC,104,SAS,113,2021
202105090SAC,2021-05-09,SAC,126,OKC,98,2021
202105110SAC,2021-05-11,SAC,122,OKC,106,2021
202105160SAC,2021-05-16,SAC,99,UTA,121,2021
202012230DEN,2020-12-23,DEN,122,SAC,124,2021
202012250DEN,2020-12-25,DEN,108,LAC,121,2021
202012280DEN,2020-12-28,DEN,124,HOU,111,2021
202101010DEN,2021-01-01,DEN,103,PHO,106,2021
202101050DEN,2021-01-05,DEN,123,MIN,116,2021
202101070DEN,2021-01-07,DEN,117,DAL,124,2021
202101140DEN,2021-01-14,DEN,114,GSW,104,2021
202101170DEN,2021-01-17,DEN,105,UTA,109,2021
202101190DEN,2021-01-19,DEN,119,OKC,101,2021
202101310DEN,2021-01-31,DEN,128,UTA,117,2021
202102080DEN,2021-02-08,DEN,112,MIL,125,2021
202102100DEN,2021-02-10,DEN,133,CLE,95,2021
202102120DEN,2021-02-12,DEN,97,OKC,95,2021
202102140DEN,2021-02-14,DEN,122,LAL,105,2021
202102230DEN,2021-02-23,DEN,111,POR,106,2021
202102250DEN,2021-02-25,DEN,110,WAS,112,2021
202103130DEN,2021-03-13,DEN,103,DAL,116,2021
202103150DEN,2021-03-15,DEN,121,IND,106,2021
202103170DEN,2021-03-17,DEN,129,CHO,104,2021
202103190DEN,2021-03-19,DEN,131,CHI,127,2021
202103210DEN,2021-03-21,DEN,108,NOP,113,2021
202103280DEN,2021-03-28,DEN,126,ATL,102,2021
202103300DEN,2021-03-30,DEN,104,PHI,95,2021
202104040DEN,2021-04-04,DEN,119,ORL,109,2021
202104060DEN,2021-04-06,DEN,134,DET,119,2021
202104070DEN,2021-04-07,DEN,106,SAS,96,2021
202104090DEN,2021-04-09,DEN,121,SAS,119,2021
202104110DEN,2021-04-11,DEN,87,BOS,105,2021
202104140DEN,2021-04-14,DEN,123,MIA,106,2021
202104190DEN,2021-04-19,DEN,139,MEM,137,2021
202104240DEN,2021-04-24,DEN,129,HOU,116,2021
202104260DEN,2021-04-26,DEN,120,MEM,96,2021
202104280DEN,2021-04-28,DEN,114,NOP,112,2021
202104290DEN,2021-04-29,DEN,121,TOR,111,2021
202105050DEN,2021-05-05,DEN,113,NYK,97,2021
202105080DEN,2021-05-08,DEN,119,BRK,125,2021
202012260UTA,2020-12-26,UTA,111,MIN,116,2021
202012310UTA,2020-12-31,UTA,95,PHO,106,2021
202101010UTA,2021-01-01,UTA,106,LAC,100,2021
202101150UTA,2021-01-15,UTA,116,ATL,92,2021
202101190UTA,2021-01-19,UTA,118,NOP,102,2021
202101210UTA,2021-01-21,UTA,129,NOP,118,2021
202101230UTA,2021-01-23,UTA,127,GSW,108,2021
202101260UTA,2021-01-26,UTA,108,NYK,94,2021
202101270UTA,2021-01-27,UTA,116,DAL,104,2021
202101290UTA,2021-01-29,UTA,120,DAL,101,2021
202102020UTA,2021-02-02,UTA,117,DET,105,2021
202102090UTA,2021-02-09,UTA,122,BOS,108,2021
202102120UTA,2021-02-12,UTA,129,MIL,115,2021
202102130UTA,2021-02-13,UTA,112,MIA,94,2021
202102150UTA,2021-02-15,UTA,134,PHI,123,2021
202102220UTA,2021-02-22,UTA,132,CHO,110,2021
202102240UTA,2021-02-24,UTA,114,LAL,89,2021
202103120UTA,2021-03-12,UTA,114,HOU,99,2021
202103240UTA,2021-03-24,UTA,118,BRK,88,2021
202103260UTA,2021-03-26,UTA,117,MEM,114,2021
202103270UTA,2021-03-27,UTA,126,MEM,110,2021
202103290UTA,2021-03-29,UTA,114,CLE,75,2021
202104020UTA,2021-04-02,UTA,113,CHI,106,2021
202104030UTA,2021-04-03,UTA,137,ORL,91,2021
202104080UTA,2021-04-08,UTA,122,POR,103,2021
202104100UTA,2021-04-10,UTA,128,SAC,112,2021
202104120UTA,2021-04-12,UTA,121,WAS,125,2021
202104130UTA,2021-04-13,UTA,106,OKC,96,2021
202104160UTA,2021-04-16,UTA,119,IND,111,2021
202104240UTA,2021-04-24,UTA,96,MIN,101,2021
202105010UTA,2021-05-01,UTA,106,TOR,102,2021
202105030UTA,2021-05-03,UTA,110,SAS,99,2021
202105050UTA,2021-05-05,UTA,126,SAS,94,2021
202105070UTA,2021-05-07,UTA,127,DEN,120,2021
202105080UTA,2021-05-08,UTA,124,HOU,116,2021
202105120UTA,2021-05-12,UTA,98,POR,105,2021
202012230POR,2020-12-23,POR,100,UTA,120,2021
202012260POR,2020-12-26,POR,128,HOU,126,2021
202101050POR,2021-01-05,POR,108,CHI,111,2021
202101070POR,2021-01-07,POR,135,MIN,117,2021
202101110POR,2021-01-11,POR,112,TOR,111,2021
202101140POR,2021-01-14,POR,87,IND,111,2021
202101160POR,2021-01-16,POR,112,ATL,106,2021
202101240POR,2021-01-24,POR,116,NYK,113,2021
202101250POR,2021-01-25,POR,122,OKC,125,2021
202102090POR,2021-02-09,POR,106,ORL,97,2021
202102110POR,2021-02-11,POR,118,PHI,114,2021
202102120POR,2021-02-12,POR,129,CLE,110,2021
202102200POR,2021-02-20,POR,111,WAS,118,2021
202103010POR,2021-03-01,POR,123,CHO,111,2021
202103030POR,2021-03-03,POR,108,GSW,106,2021
202103040POR,2021-03-04,POR,123,SAC,119,2021
202103110POR,2021-03-11,POR,121,PHO,127,2021
202103160POR,2021-03-16,POR,125,NOP,124,2021
202103180POR,2021-03-18,POR,101,NOP,93,2021
202103190POR,2021-03-19,POR,125,DAL,119,2021
202103210POR,2021-03-21,POR,92,DAL,132,2021
202103230POR,2021-03-23,POR,112,BRK,116,2021
202104020POR,2021-04-02,POR,109,MIL,127,2021
202104030POR,2021-04-03,POR,133,OKC,85,2021
202104100POR,2021-04-10,POR,118,DET,103,2021
202104110POR,2021-04-11,POR,98,MIA,107,2021
202104130POR,2021-04-13,POR,115,BOS,116,2021
202104200POR,2021-04-20,POR,112,LAC,113,2021
202104210POR,2021-04-21,POR,105,DEN,106,2021
202104230POR,2021-04-23,POR,128,MEM,130,2021
202104250POR,2021-04-25,POR,113,MEM,120,2021
202105070POR,2021-05-07,POR,106,LAL,101,2021
202105080POR,2021-05-08,POR,124,SAS,102,2021
202105100POR,2021-05-10,POR,140,HOU,129,2021
202105160POR,2021-05-16,POR,132,DEN,116,2021
202101180POR,2021-01-18,POR,104,SAS,125,2021
202012300DAL,2020-12-30,DAL,99,CHO,118,2021
202101010DAL,2021-01-01,DAL,93,MIA,83,2021
202101300DAL,2021-01-30,DAL,105,PHO,111,2021
202102010DAL,2021-02-01,DAL,108,PHO,109,2021
202102040DAL,2021-02-04,DAL,116,GSW,147,2021
202102060DAL,2021-02-06,DAL,134,GSW,132,2021
202102080DAL,2021-02-08,DAL,127,MIN,122,2021
202102100DAL,2021-02-10,DAL,118,ATL,117,2021
202102120DAL,2021-02-12,DAL,143,NOP,130,2021
202102140DAL,2021-02-14,DAL,118,POR,121,2021
202102220DAL,2021-02-22,DAL,102,MEM,92,2021
202102230DAL,2021-02-23,DAL,110,BOS,107,2021
202103030DAL,2021-03-03,DAL,87,OKC,78,2021
202103100DAL,2021-03-10,DAL,115,SAS,104,2021
202103150DAL,2021-03-15,DAL,99,LAC,109,2021
202103170DAL,2021-03-17,DAL,105,LAC,89,2021
202103260DAL,2021-03-26,DAL,94,IND,109,2021
202104050DAL,2021-04-05,DAL,111,UTA,103,2021
202104080DAL,2021-04-08,DAL,116,MIL,101,2021
202104110DAL,2021-04-11,DAL,117,SAS,119,2021
202104120DAL,2021-04-12,DAL,95,PHI,113,2021
202104160DAL,2021-04-16,DAL,109,NYK,117,2021
202104180DAL,2021-04-18,DAL,107,SAC,121,2021
202104210DAL,2021-04-21,DAL,127,DET,117,2021
202104220DAL,2021-04-22,DAL,115,LAL,110,2021
202105010DAL,2021-05-01,DAL,125,WAS,124,2021
202105020DAL,2021-05-02,DAL,99,SAC,111,2021
202105060DAL,2021-05-06,DAL,113,BRK,109,2021
202105070DAL,2021-05-07,DAL,110,CLE,90,2021
202105120DAL,2021-05-12,DAL,125,NOP,107,2021
202105140DAL,2021-05-14,DAL,114,TOR,110,2021
202101090DAL,2021-01-09,DAL,112,ORL,98,2021
202101170DAL,2021-01-17,DAL,101,CHI,117,2021
202101230DAL,2021-01-23,DAL,108,HOU,133,2021
202101250DAL,2021-01-25,DAL,113,DEN,117,2021
202104240DAL,2021-04-24,DAL,108,LAL,93,2021
202012230PHO,2020-12-23,PHO,106,DAL,102,2021
202012290PHO,2020-12-29,PHO,111,NOP,86,2021
202101030PHO,2021-01-03,PHO,107,LAC,112,2021
202101060PHO,2021-01-06,PHO,123,TOR,115,2021
202101220PHO,2021-01-22,PHO,126,DEN,130,2021
202101230PHO,2021-01-23,PHO,112,DEN,120,2021
202101270PHO,2021-01-27,PHO,97,OKC,102,2021
202101280PHO,2021-01-28,PHO,114,GSW,93,2021
202102050PHO,2021-02-05,PHO,109,DET,92,2021
202102070PHO,2021-02-07,PHO,100,BOS,91,2021
202102080PHO,2021-02-08,PHO,119,CLE,113,2021
202102100PHO,2021-02-10,PHO,125,MIL,124,2021
202102130PHO,2021-02-13,PHO,120,PHI,111,2021
202102140PHO,2021-02-14,PHO,109,ORL,90,2021
202102160PHO,2021-02-16,PHO,124,BRK,128,2021
202102220PHO,2021-02-22,PHO,132,POR,100,2021
202102240PHO,2021-02-24,PHO,121,CHO,124,2021
202103040PHO,2021-03-04,PHO,120,GSW,98,2021
202103130PHO,2021-03-13,PHO,111,IND,122,2021
202103150PHO,2021-03-15,PHO,122,MEM,99,2021
202103180PHO,2021-03-18,PHO,119,MIN,123,2021
202103190PHO,2021-03-19,PHO,113,MIN,101,2021
202103210PHO,2021-03-21,PHO,111,LAL,94,2021
202103300PHO,2021-03-30,PHO,117,ATL,110,2021
202103310PHO,2021-03-31,PHO,121,CHI,116,2021
202104020PHO,2021-04-02,PHO,140,OKC,103,2021
202104070PHO,2021-04-07,PHO,117,UTA,113,2021
202104100PHO,2021-04-10,PHO,134,WAS,106,2021
202104120PHO,2021-04-12,PHO,126,HOU,120,2021
202104130PHO,2021-04-13,PHO,106,MIA,86,2021
202104150PHO,2021-04-15,PHO,122,SAC,114,2021
202104170PHO,2021-04-17,PHO,85,SAS,111,2021
202104280PHO,2021-04-28,PHO,109,LAC,101,2021
202104300PHO,2021-04-30,PHO,121,UTA,100,2021
202105070PHO,2021-05-07,PHO,128,NYK,105,2021
202105130PHO,2021-05-13,PHO,118,POR,117,2021
202012280OKC,2020-12-28,OKC,109,UTA,110,2021
202012290OKC,2020-12-29,OKC,107,ORL,118,2021
202012310OKC,2020-12-31,OKC,80,NOP,113,2021
202101120OKC,2021-01-12,OKC,102,SAS,112,2021
202101130OKC,2021-01-13,OKC,99,LAL,128,2021
202101150OKC,2021-01-15,OKC,127,CHI,125,2021
202101290OKC,2021-01-29,OKC,125,BRK,147,2021
202102010OKC,2021-02-01,OKC,106,HOU,136,2021
202102030OKC,2021-02-03,OKC,104,HOU,87,2021
202102050OKC,2021-02-05,OKC,103,MIN,106,2021
202102060OKC,2021-02-06,OKC,120,MIN,118,2021
202102140OKC,2021-02-14,OKC,114,MIL,109,2021
202102160OKC,2021-02-16,OKC,104,POR,115,2021
202102220OKC,2021-02-22,OKC,94,MIA,108,2021
202102240OKC,2021-02-24,OKC,102,SAS,99,2021
202102260OKC,2021-02-26,OKC,118,ATL,109,2021
202102270OKC,2021-02-27,OKC,96,DEN,126,2021
202103110OKC,2021-03-11,OKC,116,DAL,108,2021
202103130OKC,2021-03-13,OKC,97,NYK,119,2021
202103140OKC,2021-03-14,OKC,128,MEM,122,2021
202103240OKC,2021-03-24,OKC,107,MEM,116,2021
202103270OKC,2021-03-27,OKC,94,BOS,111,2021
202104100OKC,2021-04-10,OKC,93,PHI,117,2021
202104230OKC,2021-04-23,OKC,109,WAS,129,2021
202104290OKC,2021-04-29,OKC,95,NOP,109,2021
202105020OKC,2021-05-02,OKC,120,PHO,123,2021
202105040OKC,2021-05-04,OKC,99,SAC,103,2021
202103310OKC,2021-03-31,OKC,113,TOR,103,2021
202104050OKC,2021-04-05,OKC,108,DET,132,2021
202104070OKC,2021-04-07,OKC,102,CHO,113,2021
202104080OKC,2021-04-08,OKC,102,CLE,129,2021
202104140OKC,2021-04-14,OKC,109,GSW,147,2021
202105010OKC,2021-05-01,OKC,95,IND,152,2021
202105140OKC,2021-05-14,OKC,93,UTA,109,2021
202105160OKC,2021-05-16,OKC,117,LAC,112,2021
202103290OKC,2021-03-29,OKC,106,DAL,127,2021
202012310HOU,2020-12-31,HOU,122,SAC,119,2021
202101020HOU,2021-01-02,HOU,102,SAC,94,2021
202101040HOU,2021-01-04,HOU,100,DAL,113,2021
202101080HOU,2021-01-08,HOU,132,ORL,90,2021
202101100HOU,2021-01-10,HOU,102,LAL,120,2021
202101120HOU,2021-01-12,HOU,100,LAL,117,2021
202101200HOU,2021-01-20,HOU,103,PHO,109,2021
202101280HOU,2021-01-28,HOU,104,POR,101,2021
202103140HOU,2021-03-14,HOU,107,BOS,134,2021
202103160HOU,2021-03-16,HOU,107,ATL,119,2021
202103170HOU,2021-03-17,HOU,94,GSW,108,2021
202103190HOU,2021-03-19,HOU,100,DET,113,2021
202103210HOU,2021-03-21,HOU,112,OKC,114,2021
202103220HOU,2021-03-22,HOU,117,TOR,99,2021
202103240HOU,2021-03-24,HOU,97,CHO,122,2021
202104040HOU,2021-04-04,HOU,115,NOP,122,2021
202104050HOU,2021-04-05,HOU,130,PHO,133,2021
202104070HOU,2021-04-07,HOU,102,DAL,93,2021
202104140HOU,2021-04-14,HOU,124,IND,132,2021
202104160HOU,2021-04-16,HOU,99,DEN,128,2021
202104210HOU,2021-04-21,HOU,89,UTA,112,2021
202104230HOU,2021-04-23,HOU,104,LAC,109,2021
202104270HOU,2021-04-27,HOU,107,MIN,114,2021
202104290HOU,2021-04-29,HOU,143,MIL,136,2021
202105010HOU,2021-05-01,HOU,87,GSW,113,2021
202105020HOU,2021-05-02,HOU,97,NYK,122,2021
202105050HOU,2021-05-05,HOU,115,PHI,135,2021
202105140HOU,2021-05-14,HOU,122,LAC,115,2021
202101260HOU,2021-01-26,HOU,107,WAS,88,2021
202102060HOU,2021-02-06,HOU,106,SAS,111,2021
202102110HOU,2021-02-11,HOU,94,MIA,101,2021
202102220HOU,2021-02-22,HOU,100,CHI,120,2021
202102280HOU,2021-02-28,HOU,84,MEM,133,2021
202103010HOU,2021-03-01,HOU,90,CLE,101,2021
202103030HOU,2021-03-03,HOU,114,BRK,132,2021
202103290HOU,2021-03-29,HOU,110,MEM,120,2021
